sender,no_reacts,text,label
$USER2889,0,Dute dracu faaa matahala.Esti respinsa peste tit,ABUSE
$USER1218,2,Haideți să ieșim...dai in p..la noastră da muistii dreaq ... să-i linsam,ABUSE
$USER2885,0,Stefan Alina tu cu mă-ta,ABUSE
$USER1847,0,"Copii noștri NU sunt cobaii nimănui ,venim peste voi lichelelor .O sa dispăreți și voi și americanii de pe pământul nostru românesc",ABUSE
$USER0588,0,Sa te fut an gură ochelarist mincinos,ABUSE
$USER3860,0,Jandarmii pulii zdrențele dracu și mai ne vor în război să apărăm tara care tară tara jandarmii lor jos guvernul cu tot cu iohanis,ABUSE
$USER2026,1,sa il bagi lui mata prostane,ABUSE
$USER0308,0,Sclavii lumii am ajuns,ABUSE
$USER0415,3,"Terminati dracului cu caciuleala si cu slugarnicia ! Bogdan Chirieac ,esti o rusine ,marsi !",ABUSE
$USER0685,0,"Raysaray Martinez dute dumneata dracului unde vrei cu sfantul tv in brațe , deocamdata in tara mea am dreptul sa imi spun parerea.",ABUSE
$USER3291,0,Sa va fut in gura cei care scrieti bravo!!!,ABUSE
$USER2735,0,"Bă panaramă încuiată....habar nu ai unde ești.... ia-ți in pula mea un GPS, că te-ai rătăcit !!!! Jigodie injectată !!!!",ABUSE
$USER0181,0,"Rusii sunt PATRIOTI cu pretul vietii,nu pupa Curu la Satanisti",ABUSE
$USER1927,0,Ce inima sa aive nazistul de iohanis sau Neomarxistul de Câțu,ABUSE
$USER0258,0,Stați măi cu limbile scoase acum. Luati-o la lins!,ABUSE
$USER0866,0,Chiriac daca incepe războiul sau daca ne da arme tu sa fi primul și Pielea nu al doilea care să părăsiți țara...că nu va văd bine jegosilor,ABUSE
$USER1843,0,Sunteți vreo 50 de pacăliți aveți poză făcută de sus se împuținează prostimea se prinde că osânza asta e o șarlatană în slujba Rusiei o trădătoare jalnica ce vinde poporul român !!,ABUSE
$USER2920,0,Claudiu Paraschiv asa e ma-ta ?,ABUSE
$USER0193,0,"sa-i pis in freza pe toti globalistii oricum, mizerii",ABUSE
$USER1087,0,Deci tot PSD a fost curva de casa,ABUSE
$USER0666,0,Esti periculos mihai ai copi cu mata,ABUSE
$USER0984,0,Cu catu vom fi morti sau sclavi!!,ABUSE
$USER2245,1,Da ce crezi ca moldovenii ne considera fratii lor?? Si ca ei vor sa fie din nou a Romaniei?? Stau acolo ca viermele in hrean sint incredibil de tifnosi,ABUSE
$USER3586,0,Toate televiziunile sunt slugile lui slogoui de iohanis,ABUSE
$USER1452,4,Baaaai nazistulemar sa cîștige ucraina nu?marș dracu în america,ABUSE
$USER1696,0,Jos tot guvernul incompetent care ne-a dus la sapa de lemn!!! INCOMPETENTILOR! !!!! MIZERABILILOR !!!! TICALOSILOR !!!! FACETI LEGI DOAR VOUA SA VA MEARGA BINE !!!,ABUSE
$USER0699,0,UE CURVA LICURICILUI,ABUSE
$USER3731,0,Uiduhaaaa slugile lu mortaciunea de Johannes,ABUSE
$USER0504,1,Iau apucat criza pe psihopații care ne conduc la balamuc cu ei,ABUSE
$USER1235,0,Voi vorbiti ccurvelor din televiziune système satanist dute cu mata la razboi cu mata si hoti care à furat tara,ABUSE
$USER0613,0,dute dracu Neamțule,ABUSE
$USER0166,3,"Pe Putin nu lor ascultat nimeni de 8 ani a vorbit ci NATO, OMS Usa etc Zelinsky este un drogat nazist",ABUSE
$USER1154,1,Culcate tu ma gunoierule,ABUSE
$USER1824,1,Dute-n gâtu măti fe pupincurist și coadă de topor.,ABUSE
$USER1075,1,VOI NU FACEȚI NIMIC ÎN FAVOREA POPORULUI. DOAR LE DAȚI FACTURI MARI CA SĂ LE LUAȚI TOȚI BANI. TRĂZNIVAR ISUS DE HOȚI DRACULUI. ESTE 2500. RONI. UN SAC DE ÎNGRĂSĂMINTE ACUM.,ABUSE
$USER0404,3,Johanis Hitler ne trimite copii noștri la război și el se pitula in buncăr futui rasa lui de criminal,ABUSE
$USER4046,0,JAVRĂ ORDINARĂ. MERIȚI ARESTAT PE LOC.,ABUSE
$USER1734,0,Mizerabilii ăștia trebuie fugăriți din tara,ABUSE
$USER1227,0,"Ai dreacu lepre ,o lege sa putem sa i fugarim si sa i bagam in stare exceptionala da parnaie pannreferendum narional nu faceau?",ABUSE
$USER3107,0,În țigani și în bețivi să nu ai niciodată încredere!,ABUSE
$USER0322,0,Slugilor asta ați fost toată viata,ABUSE
$USER0521,0,EXTRATEREȘTRI SUNT INVIZIBILI PRINTRE EVREI SATANEI VIZIBILI,ABUSE
$USER0789,4,"ZELENSKI un aghiotanti al globalistilor, sa se aleagă praful de el.",ABUSE
$USER0145,0,Hai Puți pregătește două bonbe cu airosol pe Cotroceni și scăpăm de Satanele astea Ocultei Cabalei,ABUSE
$USER1634,0,Jos trădători neamului..jos fascismul de Iohanis.,ABUSE
$USER0421,0,"Marș javra ,nu te tine nimeni aici",ABUSE
$USER0296,0,"credeam că e mai bună, gloaba curului",ABUSE
$USER1936,0,Iohannis este Satana cu chip uman.,ABUSE
$USER1342,0,Mars in pastele ma-tii,ABUSE
$USER3419,0,Visan este o jigodie platit de jegosi parlamentari,ABUSE
$USER0692,0,Dar c'è ne_a dat U E? Fututa de Ursula Ca' e dracu pe comoara,ABUSE
$USER0183,0,"DUTE MĂ DRACULUI TERHES, CINE TE PREGĂTIT AMERICANI,ȘI EUROPENI",ABUSE
$USER0852,1,"Dictatura militara ne pregatiti, ordinarilor",ABUSE
$USER0058,0,Impuscate singur,ABUSE
$USER3705,0,Lumea moare de necaz și pi--a(aur) se piaptănă,ABUSE
$USER0109,0,"Sa va fut in gura DE cenzuraci ,idioti, labagii",ABUSE
$USER0334,0,Păzea.au venit gunoaiele din parlament la aeroport,ABUSE
$USER3497,0,"Jos cu javrele, ieși bat joc de romani",ABUSE
$USER0404,0,"Fiți ai dracu de cretini ,,,,chiriac nu te,ai saturat de cat căcat ai mâncat ,,,,vânzător de țară și copii",ABUSE
$USER0690,0,Cetățeni români au fost fost obligați să plece ca să țină mizerabilii în țară,ABUSE
$USER0400,0,Dan Chitic omul poporului.Spalacitu apara globalisti.Hoooo rusine scîrbă nenorocita.,ABUSE
$USER2486,0,De mâine se scumpește prețul la curve sa vedem daca se face coadă un popor de tâmpiți cu scuzele de rigoare,ABUSE
$USER3536,0,"Mizerii, minciunile unul Pro Rusia. Cât de prosti sa fiți sa susțineți așa mizerii ? Asta este omul de influenta al rusilor in Romania.",ABUSE
$USER0627,0,"LUIS SCOATE-L PE JEGUL ASTA DE NEAMTU DIN EMISIUNE , NE PROVOACA GREAȚA !! MANCATEAR SIBERIA !",ABUSE
$USER0258,0,Mai degrabă i-o ia Iohannis la lins!,ABUSE
$USER0421,0,"Nenorociților, sa va ardă iadul",ABUSE
$USER3774,0,Asea gutui rasă in gura da muist,ABUSE
$USER2277,1,Mai dute dracului,ABUSE
$USER3869,0,Mâna pe topoare futui in gura,ABUSE
$USER1879,0,ma-ta la gunoi!,ABUSE
$USER2842,0,Ascundea te-ar dracu in fundul iadului.,ABUSE
$USER1455,0,Terches dute bre la biserica sa ti citeasca popa ca te ai spurcat,ABUSE
$USER2889,0,Sa ma fut pe neamu tau de curve si prosti,ABUSE
$USER3756,0,"Oamenii rusiei , tara arde si baba se piaptana, niste gunoaie",ABUSE
$USER2429,2,Dobitoaca esti tu ori esti platita de rahanis hitleristul.,ABUSE
$USER0356,0,Sa vedeti voi ce restrictii si schimbari vor fi dupa ce pleaca satana de Kabala.,ABUSE
$USER0295,4,A venit Satana să ne spurce pământul țării!,ABUSE
$USER1577,0,Prosti si curvili da bucuresteni nu iese in srrada curvelor,ABUSE
$USER0988,0,"De ce este interzis , putinistilor ???Mergeți în Rusis nu mai ranjiti la tv...slugi rusofile",ABUSE
$USER2270,0,Eu nu cred acest Război atîtea și atîtea manipulări grosolane atîția satanisti care vor răul popoarelor la Pușcărie nu mai se duc nenorociții ăștia,ABUSE
$USER2821,0,Și tu speli cururile lui ARAFAT IOHANIS și toți criminali din pandemie marș javră,ABUSE
$USER3976,0,Jos Iohanis si cu hoti criminali tradatori si slugele lui,ABUSE
$USER0428,0,AN naite sa pleaca din SUA sa futut bine sa nu are nervi curva,ABUSE
$USER2629,0,Da ciuguliți bârzoiu Iohannis și elita lui meargă la război!,ABUSE
$USER0428,2,Offf de ati adus curva AN Romania vine o jaleeee mare AN Romania,ABUSE
$USER0348,0,"Lili Ruse,ești o jigodie de jurnalist,o pupincuriști satanistă!",ABUSE
$USER0049,3,"Jeg Constantinescu,mare jeg!",ABUSE
$USER2112,0,Dute ba dracu .,ABUSE
$USER3431,0,"Nu mai cântați acest imn acest nu ne aparține suntem luați de proști să ma cac pe cel care a inventat acest imn Auzi desteaptăte"" noi suntem deșteptați de mult jegurile",ABUSE
$USER3469,0,"Jos cu mutu, schiorul lu Dracu de îl mânce cancerul de gunoi Ordinar! Bravo d-l George! Felicitări!",ABUSE
$USER3744,0,Daţi joe jigosu,ABUSE
$USER0309,2,Chiriac împușcate singur,ABUSE
$USER0336,0,"Bãã....terminați cu minciunile, cä vine ziua cãnd vã vom strãge de 00 şi de pãsãricã! Marşşş milogilor şi gunoaielor vãndute !",ABUSE
$USER2395,0,Putinul armament care il avem il trimit la ucraineni si.mai cheltuiesc si din fondul de rezerva gunoaiele care ne conduc.,ABUSE
$USER3124,0,"Unii sunteți atâta de inculți ce scrieți pe aici , sau sunteți pleava România !!!",ABUSE
$USER0010,0,"Voicu Maria, Nu mai există negociere cu acești porci criminali kazari askenazi.",ABUSE
$USER0377,0,Nuuuuuuuuu ooooooo vreeeeeeeem .. pleacă acasă în morții mati!!,ABUSE
$USER4156,1,"Ești un dobitoc ,gunoiule",ABUSE
$USER1292,2,Mars dreacu ca ne-ați furat tot și ați scumpit tot,ABUSE
$USER1874,0,Ești un jeg chiloțarule,ABUSE
$USER3165,0,"Personajde merda e ma-ta , idioato",ABUSE
$USER0414,0,Mizeriilor nenorocite ce sunteți..... Nemenicilor,ABUSE
$USER0397,2,"pune Romania pe harta? O sterge, viermi tradatori de neam!",ABUSE
$USER0707,0,Gabriel Iulian Hordila Sloboz trist,ABUSE
$USER0421,0,Hitler sa te ia dracii,ABUSE
$USER1155,3,La București sa scăpăm de gunoiele din parlament,ABUSE
$USER0638,0,"Dar de rachetele numite ,, SATAN ,, A-ti auzit ???",ABUSE
$USER2277,3,Nu înteleg cum de militarii se mai urca în toate vechiturile...romania este carpa europei,ABUSE
$USER1213,1,Psd nazist!!!!!,ABUSE
$USER2616,0,Sa se duca neamtul jegos de iohanis la razboi si căcatii bolnavi de la guvernare,ABUSE
$USER4068,0,JOS sataniști huligani interlopi din guvern!,ABUSE
$USER3886,0,Sclavii jandarmi sclaviii,ABUSE
$USER1731,0,DEMISIA CRIMINALILOR DIN GUERN MÎNCAIAR VIERMII SI CANCERUL DE VI.,ABUSE
$USER1435,0,"Am hotărât, ai block..! Ai fost măreț, dar cu asemenea j eg , nu mai avem ce sa ducutam",ABUSE
$USER0301,0,Mars fmmmm de globalista,ABUSE
$USER0289,2,Sa va fut trădătorilor,ABUSE
$USER2735,2,Marș bă lighioană târâtoare !!!!,ABUSE
$USER0397,0,"chireacccccccc, ar trebui sa sfarsesti la zid, judecat de urgenta.",ABUSE
$USER3522,0,Dute țigane și te spanzura,ABUSE
$USER0252,0,Da asta le trebuie limusinä ... haideti sâ ne câcäm pe noi k a venit Heris ... dute naibi de ziaristâ ce esti ....,ABUSE
$USER2369,0,Dute dracu teină cu propaganda,ABUSE
$USER0328,0,Maria Vasilovici pt ca sunt slugi,ABUSE
$USER0354,0,Vrem NEUTRALITATE Pe mine nu ma impresionează nici un om pe fața Pământului...Nu doresc ca ȚARA mea sa fie FOLOSITĂ...Lăsați România in pace DRACILOR FĂRĂ COARNE,ABUSE
$USER0707,0,Ghioc Gabriel Nicușor Troll userist jegos,ABUSE
$USER1509,0,Sntem o tara sclavi,ABUSE
$USER0381,4,TERHES NE-AM LAMURIT DE TINE SI TU ESTI O SLUGA OBEDIENTA CA CEI DE CARE RÎZI TU ACUM,ABUSE
$USER3237,1,Xute dracu mă de prost ești sluga la americani,ABUSE
$USER1592,0,Barancea Mariana Alexandr ești o eșuată Blok,ABUSE
$USER0126,0,A SSIT SI O SATANA...???,ABUSE
$USER0399,0,Ie un semnal că vreu sa ne omore și să ne bage în război sa vă trăsnească Dumnezeu pe toți homalai voștri de americani și satani,ABUSE
$USER3551,0,Deferiți justiției corupți PSD and PNL aceeași mizerie,ABUSE
$USER3524,0,Jos gunoaiele jos guvernu,ABUSE
$USER3385,0,Dar acesti nazisti? cand?,ABUSE
$USER4141,0,Doamne ajuta gunoaie de oameni cine ne conduce,ABUSE
$USER0203,2,Crețulescu ești penibila Vorbești că o mahalagioaica,ABUSE
$USER3919,0,Sclavilor … o sa va para rău ca ii pupați in cur pe guvernanți . Milițienii sunt cancerul țării,ABUSE
$USER1727,0,Oameni buni iesiti in strada dati Jos guvernul si neamtul ala imputit....iesiti in strada .....iesiti in strada....ca ne omoara copii astia viermii astia.,ABUSE
$USER0348,0,"Borhotul de Chiriac,ești un satanist nenorocit!",ABUSE
$USER1393,0,Toate panaramele propagandiste încep cu krimea dar nu spun de ce la lovit de ex b pe a ei zic ca b la lovit pe a în stomac dar nu zic ca a a scos dinții lui b .,ABUSE
$USER1617,0,Gunoaiele il tot provoaca pe Putin,ABUSE
$USER2046,0,Să sugi pula boss,ABUSE
$USER0419,2,Trasni-v-ar Dumnezeu sa va trasneaca de tradatori corupti. Mancatori de CACAT.,ABUSE
$USER3186,2,Analfabet esti tuuu! Avem dreptul la o opinie comunistule,ABUSE
$USER4134,0,FUTU TI GURA DE NEAMT ÎMPUȚIT!TU NE OMORI COPII NOȘTRI????,ABUSE
$USER3591,0,Iohanis retrage trupele criminale unde te trezesti jigodio lasa lumea sa protesteze,ABUSE
$USER0077,0,Terhesssssssssssssss!!!!!!!!!! Curvaaaaaaaa lui Azof nazistii!!!!!!!!!,ABUSE
$USER3833,0,Dați-le foc morti lor de criminali,ABUSE
$USER0151,0,"Ciuca, o sluga de ghiocel",ABUSE
$USER2924,0,Omicron este johani si delta Harafat arunca jigodile Criminali .,ABUSE
$USER2066,0,Ii vom da jos pe libidinosi,ABUSE
$USER2977,0,Virgil cu Catu ar trebui bagati in cotet in curu gol sa-i violeze un pic porcii,ABUSE
$USER0596,0,CIUCA O PANARAMA CU MOACA DE MILOG,ABUSE
$USER3990,0,SLUGILE NEPLĂTITE DAR NU PRICEP,ABUSE
$USER1630,0,O pitipoanca hotaraste suveranitatea Romaniei?de ce nu se face referendum pt asta?,ABUSE
$USER3694,0,Care stați în casă săi sugeți ciocanu lui Iohannis toată viața,ABUSE
$USER1865,2,Să îl ia dracul pe Zelenski.,ABUSE
$USER3274,0,Gata cu globalismu trebuie sa mergem cu fata spre dzeu...nu ne conduc oameni de a lui dzeu sunt bulangii pedofili travestiti...în occident!,ABUSE
$USER3383,0,POLITIA SI JANDARMERIA APARA HOTIAAA HUUUUUUUOOOOOOO SATANELOR CRIMINALIII,ABUSE
$USER1393,0,Cizmar ala a avut mai multa minte ca și toți papagalii la conducere România a avut oameni de valoare în conducerea României nu nepotisme curve pinioance .,ABUSE
$USER0537,2,"Bai Chiriac du-te draq și stai la pensie , nu te-ai saturat sa pupi in cur guvernul și președintele ?Mai du-te draq și spălate la gura globalistule",ABUSE
$USER1031,0,Cata vrajala aveti gunoaie sociale..,ABUSE
$USER0507,0,"WTF AGAIN AMERICANII NE FUT PE LA SPATE , MIE NU IMI PLACE ACELASI SCENARIU DE HOLLYWOOD",ABUSE
$USER3105,0,Și tu al patrulea sugi pula curva,ABUSE
$USER0893,0,"Nea ciutacule mai schimba frate invitați că depieleanu si de gelu vișan vomita lumea de scârba lor, sânt atotștiitori",ABUSE
$USER2394,0,Care armată muie NATO?!,ABUSE
$USER2553,0,Tu ești sclava lui labar din parlament,ABUSE
$USER1191,2,"Duceți va dracului cu subiectul vostru,de kakat ce sa mai aperi,sa vina generalii cu pensii speciale sa apere,",ABUSE
$USER1352,0,"Nu este doar Ursula, aia este o scalva a okultei care au pus in toate guvernele oamenii lor! Au cumparat oameni in cele mai sus-puse pozitii din guverne!",ABUSE
$USER0605,0,"Mihai Neamtu un bulangiu terorizat care traduce din engleză si are impresii dastea de Mahomed , ma mai date-n sloboz",ABUSE
$USER3830,0,JOS EOHANIS GUNOERUL NU ESTE ROMAN NU IUBESTE TARA NICI PE ROMANII FUGARITEL DIN ROMINIEA PE ACEST ESCROC SI HOT DOVEDIT CU ACTEEE,ABUSE
$USER2601,0,Ba Ciutacule ce javra penala ai ajuns,ABUSE
$USER0316,0,RTV - SCLAVI SI LINGAII CURULUI AMERICAN,ABUSE
$USER2058,0,Ma du-te an pula mea de unde sti tu cei acolo ai fost tu te uiti la televizor Ca Si noi nu mai vb tanpeni,ABUSE
$USER2414,0,"IOHANIS E UN GUNOI ......nui președinte, sa plece unde vede cu ochii . ....pana mai poate",ABUSE
$USER2911,0,Si un dement avortat ca tine,ABUSE
$USER3024,0,Ra-ți ai draku de cârtite putiniste!!,ABUSE
$USER1667,0,Măta și cu tine sunteți spălate pe creierul ăla infect. Sataniștilor. Hoooooooooooo globalistilor mizerabili.,ABUSE
$USER0869,0,"Numai homosexuali globaliștii-progrești Huăăă, ia-ți trotineta sorosistà și pleacă",ABUSE
$USER0263,0,E tare bună doamna hery. E buna la pat,ABUSE
$USER2667,0,Baii.datine.arme.in.mina.ca.va.ucidemm.criminalilor.bastarzi.nenorociti.,ABUSE
$USER1304,1,Te doare capu la ce lichele Sint la guvern,ABUSE
$USER2713,1,Interesul meu este să mergeți dracu cu tot parlamentul,ABUSE
$USER1094,0,Sa va dau la muie la amândoi,ABUSE
$USER3174,3,Dumy Dumy Cnst mars ii spui la mata!,ABUSE
$USER2644,0,Sa meargă mata la război nu noi romani sa meargă jahanes și tot parlamentul României sa vedem dacă merg eu nu merg nicaieri,ABUSE
$USER1197,0,Dute la culcare jegos împuțit o sa ți fut familia în gura,ABUSE
$USER3418,0,MARS CURVA RUSOFILA. SICTIR LA MUNCA. PARAZIT SI SKUGA PUTINISTA. ARESTAT SI ANGHETAT PT TRADARE DE NEAM SI TARA.,ABUSE
$USER3659,0,Poliția rusească și jandarmeria rusească este în România pustule morții în gură luptăm până la sânge Iași băgat un război futut vor rasa în gură,ABUSE
$USER1428,0,Corneliu Anton eșuați sunt cei care conduc România! Nu România!,ABUSE
$USER2398,0,Mi-e scarba de asa romani,ABUSE
$USER0354,0,"Asa vor proceda si cand va aparea Antihrist...chiar mai rău ... o sa ii linga picioarele, slugile nenorocite",ABUSE
$USER0745,0,Andrei-andrei Ionescu Are dreptate în tot ceea ce spune! Sunten niște viermi!,ABUSE
$USER0376,0,In mortiimati ucraina nu are presedinte?,ABUSE
$USER1019,0,SA VA DAU MUIE SI TIE SI LUI SOSOACA..DETALII IN PRIVAT LA DN TUTURICA,ABUSE
$USER2011,0,Impuscati=va amandoi și muista aia de reporterita habar nu are ce cauta acolo,ABUSE
$USER0859,0,Da foarte adevărat iei să se ducă Dracu să lupte la razboi este al lor nu este al nostru,ABUSE
$USER1975,0,Gunoiul de Iohanis sa mearga cu claca lui sa se lupte cu Ruşii.,ABUSE
$USER0236,0,Invitat securistul Diaconescu,ABUSE
$USER0444,0,Plecați naibii de aici javrelor si pupincuriștii!,ABUSE
$USER2842,2,"Ai dracu troli,da raport la comentarii..nu le place când le răspunzi.",ABUSE
$USER2950,0,Paul Dumitru muie,ABUSE
$USER0359,0,Jigodii sataniste,ABUSE
$USER0223,3,"Să meargă jandarmi la război,că știu să de-a cu spray, ei au inimă de draci in ei,că băteau și bătrâni",ABUSE
$USER2601,2,Ciutacu ai ajuns la fel ca Gadea! Javra!,ABUSE
$USER3175,0,luării pe acel gunoi ce morti lui vre sa o puna uniu popor român dările de o parte,ABUSE
$USER0986,0,"Doamne ferește să vedem o așa javră să fie la putere, Jigodia Câţu eu vin și-l distrug pe fraier........",ABUSE
$USER2419,0,Nu acept să hrănească sataniști cu sînge uman închideți porțile romîniei și mîna cărbuni păduri munca obligatoriu pentru Romania și fără clanuri mafiote,ABUSE
$USER1995,4,"Taci dracului de lătrau putinist .destabilizator și instigator .Idiotul care știe tot și în fond nimic .Ai găsiț-o pe Elodia ,bai știe tot .",ABUSE
$USER0419,0,"Sa nu apucati ziua de maine... Spurcacini ,tradatori... Mania lui Dumnezeu asupra VOASTRA. Trasni-v-ar Dumnezeu de corupti...tradatori.",ABUSE
$USER0333,0,A venit curva asta sa ne bage în război pisasar toată România pe ea,ABUSE
$USER0316,0,Du-te dracu de gloaba!!! Si americani tai rad de tine!!!!,ABUSE
$USER2793,0,Ai sa iti iei pule in cur de la rusi javra ordinara,ABUSE
$USER0467,3,"Du-te dreak,Chirieac!",ABUSE
$USER0589,0,"Esti un gunoi , nici ptr reciclare nu ai voloare",ABUSE
$USER3833,0,Joha iesi afara si vorbește cu oamenii jegule raportează ce traba are România cu razboiu,ABUSE
$USER3891,0,Cata nesimtire sa siba jigodia asta lumea zbiara si el da amenda om nenorocit,ABUSE
$USER0484,0,Afara gunoaiele!!,ABUSE
$USER0934,0,Mai du-te la dracu ca numa povești,ABUSE
$USER2263,0,"Taran prost ce esti, tu cu cine tii ma boratura cu neonazistii de ucrainieni? Piei dracului de pe ecrane",ABUSE
$USER0151,3,Ucraina e aparata de nazisti,ABUSE
$USER0428,0,Cat e zile sta curva AN Romania,ABUSE
$USER1404,0,Terheșeteapreciam acum ești varză teai date față oameni buni s-au văzut nu te mai urmăresc te blochez mai bine cu Ruși decât cu sataniști globaliști .,ABUSE
$USER0279,0,Am văzut semnalul dat de SUA şi NATO în magazine şi benzinării. Gunoaielor şi sclavi ai globaliştilor.,ABUSE
$USER2946,0,"Europa e o mizerie,ne dictează bătrâni acestea ce sa facem, dar în concluzie ne meritam soarta ,ca nu iesim în stradă cu totii.",ABUSE
$USER3175,0,"deblgati drumul gunoaielor, voi in ce țară trăiți alloo măruntele lui IOHANIS jadrmeri căni flămânzi",ABUSE
$USER2221,0,Numai vorbe nu faceți nimeni nimic sunteți niște gunoaie vă lăsați cumpărați că sa vă păstrați ciolanul și postul de lucru,ABUSE
$USER0012,0,Simion are profesie de ciorditor sef! Tiganiada este in trend!,ABUSE
$USER0684,0,"Nu România a imprumutat !!!!!! ,.jegurile de criminali financiari prin care grăbesc moartea populației!!!!",ABUSE
$USER0321,0,Jegurile de americani finanțau două laboratoare biologice în Ucraina iar pt asta tot Putin este de vină,ABUSE
$USER0846,0,"Poate da cel de sus ,să îl termine cancerul. Are cancer în fază terminală. De asta nu-l mai interesează că se moare pe capete",ABUSE
$USER0671,0,Sa îți iei masca Neamtule daca ieși afară cu familia mati,ABUSE
$USER1241,0,Ce visări aveți nebunilor .. duceți vă dracu voi la război handicapaților.,ABUSE
$USER0254,1,SICTIR SATANELOR,ABUSE
$USER2257,0,Iti explica Iosefina care e treaba cu nazistii din Ucraina cu documente,ABUSE
$USER2601,3,Ciutacu ai ajuns o javra care manipuleaza la fel ca toata presa de KKT,ABUSE
$USER0422,0,La putin nu mergi sa ai faci un oral sa sugi putin nucleară,ABUSE
$USER0066,0,Stefan Asavinei singurul communist tu esti,ABUSE
$USER2426,0,Hai sictir fa scarba,ABUSE
$USER0223,0,Este o curvă cu două fețe și Luis Lazarus Să apere cât nu mai poate,ABUSE
$USER0618,0,Dar neonazisti ucraineni citi copii rușii au murit din 2014 ști ma batate Dumnezeu de nebun,ABUSE
$USER3134,0,"George simion este un TRADATOR DE TARA NOASTRA,,,TOTI SUNTETI ORGANIZATI CRIMINALI S-I SHICOPATI DEBILI MINTALI si sclvai Ocultei Mondiale si Dusmani POPORULUI ROMAN",ABUSE
$USER0991,0,Cu Măciucă care are o burtă cât casa de fapt toți din Parlament au burtă cât casa Ce dracului să mai lupte jegurile astea,ABUSE
$USER4047,0,Are iohanis pe cine sa cheme în armata bagasar pula în masa,ABUSE
$USER3592,0,"Mergeți, duceți-vă dracului de stafilococi putinisti !!!",ABUSE
$USER3484,0,Jigodile jos astazi,ABUSE
$USER3860,0,Futuvă ruși în gît de jandarmii pulii,ABUSE
$USER0246,0,O să beliți voi p... Fără NATO dacă tot comentați aiurea,ABUSE
$USER1437,0,Acum urmeaza o alta prostie nu o alta pandemie...pandemia sunteti voi care va doriti pandemie ..huuuu.sa al ia dracu si pe Critian .....popa prostu,ABUSE
$USER0663,0,Să mori tu... ??!!!,ABUSE
$USER2185,0,Să-mi bag p...... A in nevasta lui arafat și în Carmen să le trag,ABUSE
$USER2616,2,Asta este opera sclavului jegos de iohanis un căcat de globalist un sclav umil in fața UE,ABUSE
$USER4130,0,Trădători împuțiți!,ABUSE
$USER3367,0,Denis Daniela Coman Perfecta dreptate aveți dar banii sunt în mana esuatilor si implicit România devine un stat eesuuaat.,ABUSE
$USER0283,1,Iar e schiflosita asta...mincinoșii astia..panica o băgați voi curvelor . . V as aresta pe toți...,ABUSE
$USER3776,0,George Simion ia-le te rog și familia in pula la toți jegosii de la putere,ABUSE
$USER0255,2,A venit sa i-o sugă lu iohanita,ABUSE
$USER0529,0,MI Duceți-vă naiba denemernicidute dracuști bn că suntem nenorociți pe viață,ABUSE
$USER1373,0,"NU de asta ii este frica, frica ca va castiga rusia, si trebuie sa faca propaganda USA, sa denigreze rusia . Sincer NU ma asteptam sa faca asa ceva ! curva cu 2 fete .",ABUSE
$USER2747,2,"Prost mai esti,jegule!",ABUSE
$USER0294,0,Globalista satanista,ABUSE
$USER3500,0,Sa te fut în gura de Iohanis prost trebuie taiat,ABUSE
$USER2294,0,"Totul este numai făcătură de rahat condusă de bastarzi ,niste nenorociți fără nicio urmă de umanism !",ABUSE
$USER1592,0,Dany Daniela un jeg de partid îmi pare rău ca l am votat dar am votat pt Diana ia sunat Diana sa iasă in str mâine la 12 și nu au rasp l a telf,ABUSE
$USER3698,0,Polițist jegos de ce nu oprești pe mafioții din guvern când merg la curve ???,ABUSE
$USER2781,0,Valentin Shelby Piei că nu e locul tău aici,ABUSE
$USER1046,0,Se recunosc granițele mă-tii,ABUSE
$USER1034,4,Sluga americanilor! Trepadus vandut! asta chiar crede ca toti romanii sunt idioti? Un marsav!,ABUSE
$USER2690,1,O lom si de la rusi.si de la americani ca sintem curve si presiediti tradatori de tara de la ceausiescu incoace ieu vin sa imi apar tara dar va inpusic si pe.premier si.pe.iohanis,ABUSE
$USER3976,0,Jos cu hoti criminali tradatori jos Iohanis si cu slugele lui,ABUSE
$USER1197,2,Generale la banii ăștia doar să-ți fut poate familia și copiii,ABUSE
$USER3879,0,Ami bag pula an guvern și an iohanis,ABUSE
$USER2568,0,Asta duce lipsă de mă.ciucă!,ABUSE
$USER3939,0,Răsturnați masina futui în gura de bulangii!! Ca ei nu țin cu poporul!! Ei protejează hoții,ABUSE
$USER1974,0,"Macar de data asta spuneți adevăr ,?sau tot de partea dracului sunteți?",ABUSE
$USER1707,0,sa iobag la @Sosoaca,ABUSE
$USER3923,0,"Jandarmeria rusine sa va fie , infiltrati jeguri cu briceaguri in mana? Politia si jandarmeria apara hotia!",ABUSE
$USER1467,4,Homosexualul Gheorghiță merge și el ( ea ) la război?,ABUSE
$USER3717,0,"Să-ți bag MUIA direct prin mască, de milițian vândut!",ABUSE
$USER3991,0,Pentru ce mă ați ieșit în stradă. Leprelor.,ABUSE
$USER0237,0,Bani pentru elicopter au gunoaiele,ABUSE
$USER3219,2,Dativa dracu cu televiziunea voastră cumpărată și manglitoare,ABUSE
$USER1770,0,Valentin Besleaga apară averea gunoaielor și stăpânilor lui. E un nenorocit de sclav care aștepta doza 8 de vaccin!,ABUSE
$USER2070,0,Si kiltscko ce sai faca la Putin sai faca o muie,ABUSE
$USER0642,0,"Ce cauta acest slugau basist, neamțu, un mare jeg penal!",ABUSE
$USER1500,0,"Marș Terhes, cameleon mizerabil !!!",ABUSE
$USER0600,0,plecați dracului de manipulatori,ABUSE
$USER2418,1,În prima linie vom fi noi mamele ca să ne apărăm fii de acești slugoi,ABUSE
$USER3728,0,Jigodiile dracului,ABUSE
$USER0864,0,Mamá voastra de Tradatori si Curve! O sa ne bagati in Razboi cu Rusi din cauza deciziilor voastre de Lasi si Perversi,ABUSE
$USER4073,0,SA. PIARĂ. DICTATURA. JOSNICA. SATANISTA. SLUGILE. IOHANES. GUVERN. PARLAMENTARI. CAGHEBISTI.,ABUSE
$USER4068,0,Felicitări români patrioți adevărați Jos sataniști huligani interlopi din guvern!,ABUSE
$USER0431,0,Satana de chiriac,ABUSE
$USER3308,0,Puiu Traian Suciu dobitocule .du-te mă să cumperi ulei sal bei cu ouă crude că să poți să latrii .bou îndobitocit .farA coaie .castrat .,ABUSE
$USER0435,0,"DUCEȚI-VĂ DRACULUI CU NATO ȘI UE, LUAȚI-L PE PUTOAREA DE IOHANIS ȘI TOȚI HOȚII DIN GUVERN ȘI PARLAMENT ȘI DUCEȚI-VĂ ÎN RĂZBOI!!!",ABUSE
$USER1557,0,PESD niște jigodi,ABUSE
$USER2651,0,Gunoiule nimeni nu merge la război...,ABUSE
$USER2950,0,Bogdan Stoian muie,ABUSE
$USER1620,0,"Nu pot distribuii , cenzorii slugarnici ai sistului satanic lucrează .",ABUSE
$USER0316,0,Poate cazi dracu cu masina intro groapa jeguaso,ABUSE
$USER0429,3,Slugoiul de Chiriac este incantat si foarte fericit.,ABUSE
$USER1991,0,"Sluga de la cotroceni sā fie imediat arestat, politia si jandarmeria sunt slugile ticalosilor criminali si tradatori ai Romaniei si Poporului Român",ABUSE
$USER2348,0,Dana Mihuț unii sunt prosti rău de tot și habar nu au ce ne așteaptă … popor de PR-iști lași sclavi fricoși (unii),ABUSE
$USER4197,0,Natalia Gyk Bacyu morți mă ti,ABUSE
$USER2481,0,"BAI GUNOIULE RETARDATULE DACA MAI INDRAZNESTI SA O JIGNESTI PE DOAMNA DIANA ,AI PROBLEME CU MINE !",ABUSE
$USER2993,0,Sa inceapa razboiul ca asa va sterpim . Si voi presa ati manipulat oameni ducetiva dracu . Sa Imi dea armament in mana,ABUSE
$USER0377,0,Ion Ciopata asa este .. dar de vina suntem noi ca nu.i trimitem în origini .. gunoaie penale care ne conduc,ABUSE
$USER0387,0,Ba sunteti in urma Satanistul Citu,ABUSE
$USER0400,0,Jos cu satanisti.,ABUSE
$USER3591,0,Alo jigodiilor de jandarmi ducetiva dracului la lupta lasati lumea in pace nu aparati criminali sa ia sa plece totata mafia criminala,ABUSE
$USER0325,0,"Hai slugilor ragusiti ,tare",ABUSE
$USER1507,0,Domnul Luis lázaro mereu ați avut dreptate cum a avut și Dan Diaconescu dar l-au închis gunoaiele ca le spunea tot în fata,ABUSE
$USER1036,0,Tigan Presedinte,ABUSE
$USER0750,0,"Suntem groapa de gunoi NATOau facut ce fac AMERICANII, o tara o cuceresti, distrugandui industria , educatia, apararea o indatorezi si o domini fara probleme ..... Au nevoie de sclavi",ABUSE
$USER3851,0,"DRAGI ROMÂNI JOS MAFIA, POLIȚIA ȘI JANDARMERIA SLUGILE HOȚILOR ȘI CORUPTILOR DIN GUVERN ȘI PARLAMENT",ABUSE
$USER0791,0,Săracilor so s...I ca si bogatul și săracul tot în aceasi direcție ajung,ABUSE
$USER2001,0,"Comunistul de COARNĂ CÎT ARE VENITUL LUNAR, A IEȘIT LA PENSIE LA 45 DE ANI",ABUSE
$USER0109,0,"DA, SI ACESTI 70 000 DE MILITARI VOR FI PUSI SUB COMANDA FRANTEI, ASTA PTR AL IRITA PE PUTIN.NAZISTUL ASTA DE JOHANNIS VREA SA IMPLICE ROMINIA PTR A NE BAGA IN RAZBOI DIRECT",ABUSE
$USER1584,1,Au început să bruieze transmisia gunoaiele din securitate,ABUSE
$USER3669,0,"Simion tu ești mai gay și și mai drogat ca Zelenscky, măcar ăla este căsătorit și are copii care-și iubește țara !",ABUSE
$USER0316,0,Pizde de 2 bani care mananca cacat la RTV!!! Si ele se numesc jurnaliste,ABUSE
$USER2585,1,"ASTA SA FACEȚI DOAMNA SENATOR , BLOCATI TOATE ACESTE JEGURI CE CRED CA POT ACOPERI STRALUCIREA UNUI DIAMANT PRIN FAPTUL CA ARUNCA CU NOROI PESTE UN DIAMANT!",ABUSE
$USER0724,0,Problema lu Sosoaca e AUR si sta sa bage limbi la PSD.,ABUSE
$USER3643,0,Alin Ionescu mizerie ești tu fraere,ABUSE
$USER0340,3,Marș în America gunoaielor!,ABUSE
$USER0332,4,Gunoaiele lumii.,ABUSE
$USER2905,2,Mamele Romice sunt mai ceva ca țiganii cind e vorba de copii lor,ABUSE
$USER0482,0,Afară din Tară Gunoaielor,ABUSE
$USER3361,0,Simioane ești mare gunoi,ABUSE
$USER0081,3,Kovesi e sluga lui Ursula!,ABUSE
$USER0296,0,"kmala jooooo... bunăciunea creolă a americii, vine la Dulapul de la Cotroceni. Gioană prostănacul e pe budă în diaree cronică, nu mai are hârtie igienică......",ABUSE
$USER3418,0,VAGABONDUL SIMION LA PUSCARIE. DETURNEAZA PROTESTUL. LARAZITUL. MARS. FACUT LA BETIE DE TAC SU PENAL ALCOOLIC,ABUSE
$USER2131,0,Iohanis satanistule,ABUSE
$USER1976,0,Aur la containar de gunoi,ABUSE
$USER0687,2,Programul dulapului sclav! Falimenteazà tot sà fie cumpàratà Tara cu 3 €.,ABUSE
$USER2119,0,Degeaba avem bogații că sintem prostii proștilor niște lași fricoși și pupincuriști slugile străinilor.,ABUSE
$USER1204,0,Mwe maimuțelor vaxinate,ABUSE
$USER1128,0,Munteanu Valentin să-ți luam toții morții in pula.,ABUSE
$USER3571,0,Daca protestati asa nu se rezolva nimic ori se intra peste ei si muie la jandarmi ori degeaba,ABUSE
$USER1889,0,ÍEŞIȚI AFARÃ DIN CASE OAMENI BUNI...SATANIŞTII ÃŞTIA NE OMOARÃ CU ZILE..ÎNCEARCÃ DIN TOATE PÃRȚILE!,ABUSE
$USER1770,0,"Bă sulă, dacă intrăm în război o să mai lucrezi la mă-ta la coada vacii.",ABUSE
$USER0326,0,Te doare capul cu slugărnicia României pana acum nu au mai venit Americani acum au venit sa ne bage în război huoooo,ABUSE
$USER2528,2,Dar tu nu poți merge in pizda mati.... gunoiule,ABUSE
$USER1165,2,La puscărie toți jegosi din parlament și confiscare totală a averilor !,ABUSE
$USER0400,0,"Da ce te doare pe tine ma de alti.Daca vrei sa anchetei,anchetează javrele noastre,care a omarit oameni în asa zisa pandemiei.Tu judeca criminali din tara noastra.",ABUSE
$USER2215,0,Du-te mă in pula mea de hemoroid ce ești!,ABUSE
$USER2807,0,Sti ca te-ai născut cu un singur neuron și ala putred?saracule dute ma și rineste la vaci!,ABUSE
$USER3258,0,Noi suntem slugele europei,ABUSE
$USER0391,0,"Sa meqrga la ea in tara sa,si ia si slugile",ABUSE
$USER2299,0,Gelu Visan e o marioneta si un gunoi ordinar,ABUSE
$USER0297,0,"Numai frustratii comenteaza pe aici . Nu au fost in stare sa faca nimic cu viata lor , niste boschetari, si fac propaganda pe aici ca nu au alt servici",ABUSE
$USER0242,8,A venit Curva satanista sa ne bage in razboi!!,ABUSE
$USER3736,0,Jigodia statului bugetar .....jandarmeria și poliția comunistă.....abuz de putere 2 anii,ABUSE
$USER1106,2,Codruța la cratiță ce sa faca o panarama de muere ca președinte.,ABUSE
$USER0330,0,Coboara cioara.,ABUSE
$USER2650,0,Du-te mă an mata cu NATO al tau cu tot !,ABUSE
$USER3148,0,Sa va fut in gura uraaa,ABUSE
$USER0283,0,Sa lovească o bomba mașină satanei,ABUSE
$USER2609,0,Mergeți dracului,ABUSE
$USER2630,1,Romani vad ca vor să ne anrolez an război daca ne da arme asa putem să scăpăm de jegos de la conducere,ABUSE
$USER1119,0,Pe satana aia niciodata,ABUSE
$USER0693,5,"Lazarus,asta duhneste a hoit globalist satanist. De ce l- ai invitat?",ABUSE
$USER3714,0,Jandarmii dece mai poate măști jegoși ordinari,ABUSE
$USER0867,0,Vă e teamă că vor pleca tinerii și nu are cine să vă apere marș jegosilor mincinoși și lăsați tinerii să plece,ABUSE
$USER1389,0,Acest live trebuie încheiat... Urgent! Jegul ăsta de Terheș..este un sclav vândut!,ABUSE
$USER1446,0,A3 niște gunoaie,ABUSE
$USER0333,0,Bagameas pl în planul vostru și în războiul vostru trebuie sa dau 20 de milioane sa fug din tara sa nu fiu carne de tun,ABUSE
$USER0629,0,"NULITATILE DE CANAL : PSD PNL SI CELELALTE JAVRE DILUATE , VOR PICA LA URGENTA , STIU ACEST LUCRU , NU POT SA MAI CONTROLEZE NIMIC . TAVALUGUL A DEMARAT . DECI : REVOLUTIE REALA .",ABUSE
$USER1629,0,GELU VIŞAN UN JEG SECURIST !!!!,ABUSE
$USER0803,2,PACE!NEUTRALITATE!FARA GRUPURI DE LUPTA IN ROMANIA!JOS SATANISTII!,ABUSE
$USER0624,0,Mihai Neamtu o javra globalista!!,ABUSE
$USER0865,0,ROMÂNIA TV SÂNTETI GUNOAIE CARE IMPUTITI MINȚILE ROMÂNILOR CU INFORMAȚII MIZERABILE.SA AVEȚI PARTE DE TOATE PROSTIILE PE CARE LE TRANSMITEȚI.,ABUSE
$USER4084,0,Va SUSTINEM SI CIND APAR LA JUDETENE TOT JAVRE AJUNG,ABUSE
$USER3394,0,Jigodii de politisti tot din banii nostri sunteti platiti,ABUSE
$USER2762,0,Ba timpitile tu esti un papagal zdreato c'è esti,ABUSE
$USER0322,0,Gabriel Trifa marș usr - ist împuțit!!,ABUSE
$USER0370,3,Dute dracu fa retardo sa mă pis pe tine vin sa ne bage în război retarzilor oarba după voi de nenorocitii,ABUSE
$USER3101,0,Sugi picxu tataie,ABUSE
$USER0043,2,"MArs ,maaa tarane psihopat!",ABUSE
$USER3294,0,Țigan aurolac prorus,ABUSE
$USER3010,3,"Gunoaiele societăți să nu se uite la adevăr ,mutați-vă pe manipulare( minciună )gen A3 etc",ABUSE
$USER0428,0,Avenit curva AN tara noastra,ABUSE
$USER0333,0,Asta cred ca a venit sa ii dea Iohanis la buci,ABUSE
$USER3000,0,Exosta 2 feluri de curve :alea deștepte și alea proaste.. Noi romanii suntem privite ca alea proaste Stam și la f... Și acceptam sa nu fim nici plătiți,ABUSE
$USER1315,1,Stirile curuluiiii vin rusiii ati belit belita politicienilor bubuie viloaiceleee ahaaaaa,ABUSE
$USER2620,0,Tradatori.Nu mai avem SUVERANITATE DACA PREDA ARMATA ALEI TARI.SATANISTI CONDUC ROMANIA,ABUSE
$USER2612,2,Sa crape iohanis care are creierul topit,ABUSE
$USER2230,2,SUA e curva de lux!,ABUSE
$USER0690,0,Păcat că suntem români păcat că am ajuns așa prostii asta că suntem conduși de trădători și jigodii,ABUSE
$USER1485,0,cine sa vorbeasca ma cu un prost ca tine? du te n crucea jegoasa pe care o slujesti,ABUSE
$USER3901,0,"Mascati, jandarmii,Ninja.politia la razboi cu voi in prima linie....aveti antrenament tiai drecu de jigodii...",ABUSE
$USER3875,0,Aveți grija ca vor începe curvele sa va aresteze cind se sparge tîrgul.....,ABUSE
$USER3425,0,MAI DUTE DRACU DE JEGOS.,ABUSE
$USER1390,0,România este sluga la UE!,ABUSE
$USER0462,3,"Nu mai vă simțiți prea importanți cu această vizită masonică perversă că România tot gunoaie suntem pentru ei,acea ce de fapt sunt ei gunoaie masonice perverse",ABUSE
$USER0268,0,S-o ia gaia de urata,ABUSE
$USER1389,4,Păi dacă îi susții pe Ucrainieni...normal că urmăm noi!!!! Muie Terheș,ABUSE
$USER2889,0,Mihaela Pad muie fa tarfa,ABUSE
$USER1688,0,"Mesagera satanistilor ,Kamala ,o să i dea ordinul slugoiului astăzi !",ABUSE
$USER0010,0,"Cu cât vom scoate mai mult la lumină această rasă kazară, cu atât mai mult omenirea se va elibera de aceste satane globaliste kazare !",ABUSE
$USER3375,0,USR la. Gunoi este un partid de cacat,ABUSE
$USER1754,0,"Interesant nu au putut sa dea de tine pt ca sclavii luale-am familia in pl de servicii slugi ale guvernului barau asta. Ba, io sa va iau morti-n pl sclavilor !",ABUSE
$USER1738,0,Ucraina nu e tara noastră să se omoare cu rusia nu e treaba noastră să ducă Iohanis să lupte el pentru ei să o ia și pe nevastă-sa poate o fute Ucraina și rusia,ABUSE
$USER3211,0,Dute ma in pula mea cu vrajeala ta,ABUSE
$USER0267,2,Iohanis îți vin satanele sa te apere de furia poporului român de ce ti e frica oricum nu scapi,ABUSE
$USER0483,0,Chireac esti un gunoi,ABUSE
$USER2714,0,Care interes al poporului bă jigodiilor!,ABUSE
$USER0309,3,Ce grijă are Iohannis să te văd împușcat hoț și trădător ce ești,ABUSE
$USER1991,0,Mā rog zi si noapte la Bunul Dumnezau si Maica Sfantā sā vā protejeze zi si noapte si nu numai sā vā ajute la curātat grādina Māici Sfinte de toti ghimpi si târâturi trādātoare,ABUSE
$USER3074,0,Musat Florin ăsta vă e nivelul la toți . Cu asta vă arătați . Vai de voi !!! Scursurile societății sânt mari patrioți !!! Vai de voi !!!,ABUSE
$USER3151,0,asasinii hitleriști care ne au ingropat morții în saci de plastic vor plăti vre o dată ?,ABUSE
$USER1991,0,"Huo politiei, slugi ieftine si infecte",ABUSE
$USER2875,0,MAI DAȚIVĂ DRACU DE PROSTI,ABUSE
$USER0129,0,Marș în rusia bolșevic nou ce ești !,ABUSE
$USER0345,0,"Faceti plecaciuni, slugarnicilor!",ABUSE
$USER1145,0,"So ia dracu de târfă penală.. A dat cu curul în stânga și-n dreapta ,de a ajuns așa sus..!",ABUSE
$USER1927,0,Ba da vrem război cu Parlamentul României și cu naziști + neomarxiști eu dacă îmi pune arma in mâna o sa m-a duc de partea rușilor,ABUSE
$USER0896,0,Ati uitat cand rusi in al doilea razboi mondial va violau bunicile in gura si dupa le furau tot cred ca va placut,ABUSE
$USER2664,0,Politica romanesca la gunoi ........,ABUSE
$USER2910,0,"Panarama isterică, huiduma nebună!",ABUSE
$USER0260,0,"De cand America ne are ca pe copii, ne protejeaza. Sa ca ia dracu pe totii politicieni",ABUSE
$USER3850,0,Pe ei futui in gura!!!!,ABUSE
$USER0336,5,Marşşş jigodie de jurnalistã,ABUSE
$USER3827,0,Mereti dracului de jeguri,ABUSE
$USER2555,0,"Du.te dracu si lupta tu pe front di lasa.ne in pace! Mars cu razboiul vostru, satanistilor!",ABUSE
$USER0333,0,Toți Magnați sunt Sataniști sunt controlați de Satana,ABUSE
$USER0821,0,Rusineee javre imputite javre PUTIN VREA PACE TRAIASCA PUTIN JAVRE MINCINOASE,ABUSE
$USER1996,0,George simion garoi trădător!,ABUSE
$USER0507,0,"INTALNIRE INTR JUPANI SI SCLAVI , TRADATORII și pionierii / Și-au dat mâna peste țară / Și-n avântul primăverii / Au scăldat plaiul ei minunat!""",ABUSE
$USER2778,0,Multa vrajeala cu ministrul energiei de ce nu faceti alegeri sau înseamnă ca va place sa stati cu gunoaiele pnl,ABUSE
$USER2386,1,Se ocupa de un plan international sa iti dea tie muie. Au toata sustinerea mea numai sa nu ai carii si sa nu musti,ABUSE
$USER0647,0,Critic tu esti un mare Escroc ca si Simion joci în două bărci Băgatai p în mata,ABUSE
$USER1661,0,JOS IOHANIS CY JEGOSIU,ABUSE
$USER3505,0,Felicitări domnul George Simion! Cu Dumnezeu înainte până scăpăm de toate lichele care ne conduc.,ABUSE
$USER0510,0,Slugilor... Lingailor. Vindutilor. Dumnezeu sa va aiba in grija... Dupa faptele voastre....,ABUSE
$USER1158,0,"Ba vandutilor, FMM DE NENOROCITI",ABUSE
$USER0329,0,La noi în România nu trebuie să atace poporul rus presidentia Românie! O atacă militarii români dacă gunoaiele de la putere din România face recrutare în România!,ABUSE
$USER2933,0,Țurcan mai bine se trezea moartă!!!,ABUSE
$USER3396,0,Taci mai nazistule,ABUSE
$USER2338,0,Tu ești o labă tristă,ABUSE
$USER2063,0,Tu și Șoșoacă două gunoaie.,ABUSE
$USER0865,0,Taci maimuțoi Proamerican satanist ce ești.,ABUSE
$USER1877,1,Sosoaca la gunoi,ABUSE
$USER3114,0,O mahalagioaică nenorocită.....,ABUSE
$USER0392,0,Satanelor plecați din Romania.Vrem pace.Neutralitate pentru ROMÂNIA.,ABUSE
$USER2168,0,Bună seara Putin sa fie dracul spânzurat sa nu mai moară oameni nevinovați și copii sa mai sufere .,ABUSE
$USER0518,0,Bai jos cu tototi de la Guvern jegui penale hotilor ati vndut toatta tara am terminat cu pademia acum razboaie steti Manipulati,ABUSE
$USER3249,1,Daca romanu i-a arma in mina va-ti dus dracu Va ampusca de la Ala Z,ABUSE
$USER2765,0,Tu ești jigodie,ABUSE
$USER0478,0,"A venit să dea ordinele la slugi, adică ăștia de ne conduc. Suntem câteva milioane de rezerviști, care, abia așteptăm să ne înarmeze. Au curaj?!",ABUSE
$USER0388,0,Vin gunoaiele sa cumpere România putin câștiga eu știu deja ca dacă putin nu câștigă mănâncă globalisti tot asa ca se întâlnesc mizeriile cu gunoaiele,ABUSE
$USER3863,0,Hooooo sclavvii de jandarmi si politie huuuoooo,ABUSE
$USER2950,0,Mama nu mai e iao tu cu mata,ABUSE
$USER0968,0,Auzi ba mai futeo si pe mata ca mincati căcat toți va dau la muie,ABUSE
$USER1448,6,TERHES DUTE DA- TE CU CAPUL DE PERETI PÂNĂ CÂND PIERE SATANA DIN TINE,ABUSE
$USER0671,0,Ești un gunoi du-te fi solidar in pizda msti,ABUSE
$USER1587,1,"Clara Popescu ești intrusă,ai cont fals, ți-am verificat contul mai fraiere, ți-ai făcut cont fals esti un gunoi",ABUSE
$USER3637,0,Bravoo pe ei și pe manele lor.,ABUSE
$USER3113,0,"Din Clanul ce da M,,e curioșilor",ABUSE
$USER0109,0,VA FUT IN GURA DE IDIOTI DE LA FACE BOOK PTR CA EU VA CONSIDER NISTE SLUGI OCULTISTE . SINTETI NISTE LABAGII,ABUSE
$USER0660,0,"Pentru gunoaiele tradatoare de la conducerea României, POPORUL ROMAN VREA PACE! NU NE BAGATI GUNOAIELOR INTR-UN RAZBOI CARE NU E AL NOSTRU!",ABUSE
$USER3644,0,Maria Cristogel așa am zis și eu la sclavi ăștia ce ne-au vândut pe o pungă de malai atâta valoare au,ABUSE
$USER2107,0,Se intrerupe mereu securistul iti s.p sigur john new york,ABUSE
$USER2729,0,Dispari jeg userist,ABUSE
$USER1231,4,morții mamei voastre de naziști,ABUSE
$USER2658,1,Bai nebuniloe rusi nu a venit la voi sa va f lasati lumea Ca' e saracie mare dati munca la Tiberio off focu pe voi,ABUSE
$USER4134,0,IOHANNISE NEAMT IMPUTIT ..VENIM SI TE ARESTAM!!,ABUSE
$USER3541,0,Iohanis sluga americanilor,ABUSE
$USER3642,0,iesiti cat mai multi in strada Altfel nu se rezolva nimic.PE EI SI PE MAMA LOR DE HOȚI. Felicitari,ABUSE
$USER2092,0,Cei mai mari jegosi sant media,ABUSE
$USER0428,0,Santem curva lui SUA,ABUSE
$USER3821,0,Jos cu gunoaiele,ABUSE
$USER4137,0,sosoaca te respect mult sa iti bag cardanu,ABUSE
$USER2848,0,ZBIARA FIRAI A DREACU DE NEBUNA,ABUSE
$USER1420,0,De ce dracu nu va duceti voi la rusi sa scapam de toate mizerile din tarã?,ABUSE
$USER0871,3,"Aceleași scursuri ordinare, martorii lui covid s-au transformat în analisti militari",ABUSE
$USER0084,0,"STAU CA ȘOBOLANII, JIGODIILE",ABUSE
$USER1218,0,Și cu muistu asta care mănâncă cacat,ABUSE
$USER0126,0,DOAMNE DUMNEZEULE SA NE FEREASCA DE SATANISTI!!!,ABUSE
$USER1530,3,"Bai fraților ,n-o sa ne apere nimeni. Și rușii o sa ne facă praf. Ce jeguri de politicieni avem.",ABUSE
$USER4185,0,Anjura.si.vorbeste.numai.panaramele.prost.nu.crede.ce.ne.asteapta.vaide.capu.lor,ABUSE
$USER0077,0,Terhes mai facut sa mi schimb parerea dupa tine !!!! Esti o curva cu doua fete!!!,ABUSE
$USER3216,2,Bai lingailor slugilor asa neatii mințit de 32 de ani hotiiii criminali mafiotiii trădătorilor .,ABUSE
$USER0373,0,Marș cu tot cu America voastră . Futuva în g.... A,ABUSE
$USER2351,0,Ma mai du-te-n plm ....mâncător de rahat!!,ABUSE
$USER0183,0,"Broscarul de terheș ,tu vorbești că ești sclavul Americi",ABUSE
$USER1732,0,Crima pt crima Jos cu jegurile carè imi vrea râul,ABUSE
$USER0954,0,"Constantin Mazarache prost gandeti,o sa vezi ce fa fute simo la urma uraaaaa",ABUSE
$USER2688,2,"Toți care vă perindati prin televiziuni sunteți cele mai mari jigodii, nu aveti nimic uman în voi...",ABUSE
$USER0870,0,Mă ciolacule da numai gunoaie securiști bulangii găsești să aduci în emisiunea ta,ABUSE
$USER3667,0,Aia sa dus sa ajute pe ucraina da săraci din românia cine ii ajuta iohanis rasa lui de muist,ABUSE
$USER0079,0,Asta vor! Bolsevicii si neonazistii!!,ABUSE
$USER0196,0,"Jandarmeria v a crezcut ceafa ca la mangalita, luavar dracu",ABUSE
$USER3419,0,Comandantul sclvii lui Iohanis,ABUSE
$USER3496,0,Jos toate gunoaiele,ABUSE
$USER3798,0,Tiai scos turma la pascut animalule ma jigodie ordinara,ABUSE
$USER0449,0,Rusii au sute de mii de soldati futuva in gura de gunoaie nu 15000,ABUSE
$USER0842,0,Sa te arda focurile iadului Putin.,ABUSE
$USER1217,0,VA PARASIT????da futu va in gura de javre nu din cauza voastra a plecat lumea ca ia ti lasat fara locuri de munca ati inchis si vindut tot sa va luptati voi labagiilor,ABUSE
$USER0227,1,Ești o lepră vîndută doamna paracetamol,ABUSE
$USER1688,0,"O să pornim război împotriva slugilor ordinare ,altfel nu există scăpare !",ABUSE
$USER3418,0,HUO ADUNATURA DE SARACII ANALFABETA.,ABUSE
$USER3287,0,Uniți să fim puternici și să învingem tot RĂUL și cu toți penali afară cu voi toți jegoși,ABUSE
$USER2925,0,"Jos este inframundo , diáspora umilita si aruncata la gunoi , stam pe un butoi de praf de pusca!!!",ABUSE
$USER1367,0,Tk ești dus O slugă stilată,ABUSE
$USER3364,0,Tebuie demisi toți guvernanți împreună cu Iohanis acest tradator de ne-am și Țară un neamț ordinar,ABUSE
$USER3264,0,Idiot popor încă sintem votăm scursurile comuniste Marca PSD alias Aur sau PNL securist.,ABUSE
$USER0671,0,Ești un ordinar vandut !!,ABUSE
$USER2937,0,JOHANNIS CIUCĂ ȘI TOATE SLUGILE TREBUIE SĂ FIE ALUNGAȚI DE LA PUTERE URGENT MIZERIILE CRIMINALII GUNOAIELE CĂPUȘELE PARAZIȚII EXCROCII,ABUSE
$USER3450,0,Boicotați televiziunile slugi propagandiste ! Cereți operatorilor de cablu scoaterea acestora din grilă ! Suntem sătui de minciunile lor !,ABUSE
$USER1428,2,Lăsați-l in pace pe puțin și uitativa la bil psihopatul care a omorât milioane de oameni in ultimii doi ani,ABUSE
$USER4143,0,"Dați afară ? Nuuu , nu o sa fie dați afară ! O sa fie băgați la carceră pe toată viața lor de gunoaie criminale",ABUSE
$USER3566,0,Sa se ducă ei cu rasa lor la razboi,ABUSE
$USER0115,0,"Bai, lasa l pe Putin, is vorbeste ne de pedofilul de Putin si de fiu su Hunter!!",ABUSE
$USER0227,0,Marș jeguri vîndute globaliștilor criminali să trimeată Putin o rachetă peste voi infecțiilor manipulatori,ABUSE
$USER3748,0,. Ar trebui sa se iasă cu topoare și arme sa luam politia și jandarmeria în Pula cu tot cu familiile lor,ABUSE
$USER3403,0,"fix pula,astia de la aur vor sa manipuleze si ei ceva,credeti in ce vreti asa am fost fututi ani de a rindul depapagali..",ABUSE
$USER2121,0,"Deci ,va dati seama ce caracter jegos are Simion?In loc sa iei 30% tu te multumesti cu 10 %.Asta ori e prost ori e prost.",ABUSE
$USER0488,0,Ducetiva la dracu,ABUSE
$USER3981,0,Sa se ducă dracu cu tot cu jandarmerie,ABUSE
$USER0717,2,UE si S U A doua curve care au trasformat lumea intr un calvar,ABUSE
$USER0435,0,"TE DOARE INIMA FUTUTE-AS ÎN BOT DE CRIMINAL PUTOAREA DRACULUI, HOT PROST!!!!!",ABUSE
$USER0845,0,Sa o sugi scroafo!,ABUSE
$USER4244,0,Vb ca o mahalagioaica,ABUSE
$USER0524,3,Atâta vocație de slugi nu cred ca mai exista alții. N-aveti niciun pic de demnitate. D-aia este tara și poporul în halul asta. Rușine sa va fie!,ABUSE
$USER3141,0,Ce ai fa cu țiganii au pula mare vrei sa te fura?,ABUSE
$USER2185,0,Să-mi bag p.... A in Câțu să îi trag,ABUSE
$USER2378,0,Prima linie iohanis cu rasa lui,ABUSE
$USER3831,0,Imputiti dracului voi nu aveti copii,ABUSE
$USER2735,0,Marș in pula mea de bulangiu....iar o sugi lui jelinski????,ABUSE
$USER0608,0,sa ii ia dracu cu pnnr-ul lor,ABUSE
$USER3175,0,dati la o parte fraților pe gunoaiele polițiști,ABUSE
$USER0316,2,A aterizat CIOARA!!!! Mars la tine acasa!!!,ABUSE
$USER2134,0,Petrica valdar roman stricatoru cica a rfi plecat pote lo gasi vreo rachetă firar masa dracu de stricatori,ABUSE
$USER1293,1,Ba voi sunteți prosti? La ce dracu mai primiti elicoptere? Dati-va dracu! Chiar meritati împușcați!!!,ABUSE
$USER0399,0,Tot ie amabil Iohanis și iute cu țiganca ie forte activ,ABUSE
$USER0297,0,Imi pui mana pe cuc poate,ABUSE
$USER3659,0,O să vă cadă guvernul la polițiști și la jandarmeria futuva morții în gură de ruși,ABUSE
$USER3034,0,"Nu m-am uitat Luis...câte vizualizări ,pe care le vânezi,ai avut cu gunoiul de Simion?",ABUSE
$USER3286,0,"Du-te de aici, rebut uman, tu, slugă a occidentului, zici de AUR că este sluga rușilor. Arunci cu căcat, în vreme ce tu ești corupt",ABUSE
$USER0292,0,CE RĂZBOI JIGODIILOR CA PUTIN DISTRUGE LABORATOARELE DE VIRUSU SI BOLI APOI SCOATE OCULTA DIN UCRAINA,ABUSE
$USER2916,0,Gramada de gunoi esti tu!!,ABUSE
$USER1361,0,Care covid domnule cînd la bruxel se spala bani.murdari Ursula este una dintre ele. Hoață dracu aia trebuie eliminata și omorita,ABUSE
$USER2665,0,Unde sunt acum parlamentarii ? Să scoată toată Romia în stradă ! Nu mai avem nevoie de cine nu reprezintă România şi interesele românilor ! Jos cu slugoii ! Să plece acasă !,ABUSE
$USER3728,0,Draciii în loc sa tina cu lumea,ABUSE
$USER0399,0,"Sa vă ieie dracu cu mintea vostra și cu,condusul vostru de prosti",ABUSE
$USER1516,0,NATO ESTE O CURVA CRIMINALA SATANICA,ABUSE
$USER0286,0,Puneți-vă masca zdrențelor,ABUSE
$USER3566,0,Acum sa rezolvați ceva dar fără violenta ei o sa rămână nepăsători trebuie fututi în gura întrat peste ei în birouri și batuti,ABUSE
$USER2711,1,Bravooo sa se duca dracului toata cloaca de hoti cu pensii speciale,ABUSE
$USER0333,0,Iohanis băgai limba puțin în Chizd@ lui doamna Hery,ABUSE
$USER0400,0,Sariti pe ei dă-i dracu de criminali.,ABUSE
$USER1082,0,nu ne mai uitam la tv sa se uite Iohanis cu morti masi ori cum ne mint dam ajutoare la straini si Romani nostri urla foame si saracia in noi,ABUSE
$USER2708,2,Voi Niati fugărit din Țară așa că sugeți voi ceva,ABUSE
$USER0954,0,Mihai Cezar si eu zic SA ma sugi impreuna cu Simó,ABUSE
$USER1917,0,"Gargara sputnik, Sosoaca disperata, Seful ei Putin Încolțit, mai are puțin și va fi aruncata la coșul de gunoi Împreună cu toți rusofilii din România.",ABUSE
$USER0331,0,Huuuuuuu tuvan gura,ABUSE
$USER0456,0,Vai de puța noastră ce decizii va lua plăvanul și în ce rahat ajungem.,ABUSE
$USER3109,0,Nicu Oprea mars gunoi ordinar needucat ...,ABUSE
$USER2657,0,Dute în morții tăi tu la război,ABUSE
$USER2130,0,VA FUTE NATO CU GLOBALISTII CUM VOR DACA NU MAI AVETI TARA !,ABUSE
$USER0274,0,Este clar!!! zdreanța âi dă ordinul in plic trădătorului iohans.... mergem carne de tun,ABUSE
$USER0321,0,Americanii au distrus o grămadă de țări doar să se inbogateasca ei di să trăiască bine îmi este scârbă de jegurile astea,ABUSE
$USER1482,0,Un gunoi împuțit împușcat,ABUSE
$USER2860,2,Pregătesc multe aceste jeguri mafiote .. Arafat și iohanis cu guvernul lui de trădători … trădători de neam și țara toți și poporul accepta tot stau in case,ABUSE
$USER1234,0,"Prosti societății jandarmi si politistii . Alăturați-vă poporului sclavilor , aveti copii si familii",ABUSE
$USER3975,0,Bine mă sluga guvernului!,ABUSE
$USER3622,0,"Pai jandarmii de ce au masca pe figura nu mai este obligatoriu, atenție ca nu-i poate nimeni identifica, jos botinita gunoaie ce sunteti",ABUSE
$USER4082,0,Securea sau părul firatai dracu de hoti,ABUSE
$USER1731,0,LUIAR MOARTEA PE TOȚI GUVERNANȚII CRIMINALI,ABUSE
$USER0428,0,C'è cauta curva AN Romania,ABUSE
$USER3744,0,Ce ie greu de înţeles jos bulangiu,ABUSE
$USER0034,0,Băsescu este un gunoi securist mafiot al istoriei românești,ABUSE
$USER0145,0,Dacă borbandat si Rusi ca Americani an 24 de ore 48 se rezolva problema dar ei nu are treabă cu civili cu mafiea Oculta Satanica,ABUSE
$USER0416,2,Suntem sclavi americi,ABUSE
$USER1315,1,Masca lu mata alt bou,ABUSE
$USER0973,0,Du te dracului cu rusofilii tai cu tot. Inviti toti martzafoii rusofili.,ABUSE
$USER3875,0,"Gunoaie imputite, Jandarmeria vinduti străinilor!!!!!!",ABUSE
$USER0485,3,Sa adunat draci .... o curva si un poponar,ABUSE
$USER1312,0,"Dă-i dracu de mincinoși , in germania am fost la control cu copilul au sărit călare pe mine sa fac testul rapid.",ABUSE
$USER2566,0,Jasmine Jasmine dezaxată ești tu cu mă-ta jegoasă ce ești !,ABUSE
$USER0662,0,TOT GUVERNUL ESTE PLIN DE SATANIȘTI!,ABUSE
$USER2185,0,Arafat știu că ești prezent te uiți aici să-ți iau familia în p...... Ă,ABUSE
$USER0656,0,Asta ti spune ca nu e vina americanilor ca romanu' politician e o carpa,ABUSE
$USER3917,0,Ciorile stau pe sârmă nu pe stradă Trimiteți acolo împreună cu Simion,ABUSE
$USER0666,1,Duten mata de zdreamta astai o doamna pisatule,ABUSE
$USER1386,0,De ce nu spuneti si ce au facut americanii peste tot pe unde au intrat ?? Niste jigodii ordinare !,ABUSE
$USER2867,0,Muie UE și la globalisti sataniști arahat,ABUSE
$USER1554,0,Nu avem conducatori numai LEPRE si SLUGI,ABUSE
$USER2799,0,DOAMNE FERESTE Johannes este o SATANA,ABUSE
$USER4061,0,"Bravo Maria Sandor tu faci mai mult ca 1000 de jandarmi , tu esti o eroina dar jandarmi slugile sistemului",ABUSE
$USER2535,2,Le-a luat bani pe benzină cei care conduc O M V .Oculta mondială vor să strângă bani Keş ca să vină cei virtuali. Sclavi lor .,ABUSE
$USER0504,0,Toate guvernele sunt slugoi ai globaliştilor şi contribuie la diminuarea populației prin orice mijloace !,ABUSE
$USER2735,0,"Muiee iei, ce preț ai ????",ABUSE
$USER2642,0,Domnule ciutacu spuneți lumii cine a vrut primul si al doilea razboi mondial oamenii de rând nu cred americanii sunt niște lighioane inputite de acolo pleacă tot,ABUSE
$USER1983,0,De ce nai ppza tie frică jegul dracu ce esti,ABUSE
$USER0236,0,"Sclav al globalismului,usr de râs ce ești,inconștient ce ești",ABUSE
$USER3021,0,"Stefan Alina maaata, sunt gen masculin prostule",ABUSE
$USER0010,0,"Puțoiule, să moară mătamare, câți proști cu tine în frunte....",ABUSE
$USER2117,0,Vă dau dracu cu toate minciunile și cu stirile voastre,ABUSE
$USER1113,0,Fara dragoste nimic nu ai cu popescu la gunoi cu el,ABUSE
$USER0237,6,Ce morți matii e important,ABUSE
$USER0236,0,Ești TU SECURISTULE pro american.Noi suntem PRO ROMÂNI,ABUSE
$USER1248,0,"Bă lasă-ne cu caterinca ta că ați dat trandafiri ,!! Nu vă m-ai bateți joc de noi ROMÂNII CA AȚI AȚI SLUGOII AKTORA DIN AFARĂ ,! VOI VA NUMITI PATRIOȚI DE NEAM DE ȚARĂ .!!!?????",ABUSE
$USER0517,0,"CUVÂNTUL DE BAZĂ TREBUIE SĂ FIE ""NEUTRALITATE"".... NU V-AR MAI RĂBDA DUMNEZEU PE FAȚA PĂMÂNTULUI, SATANIȘTILOR!! NU VREM RĂZBOI!!! VREM PACE PENTRU POPORUL ROMÂN!!",ABUSE
$USER0421,0,"Javro unde i respectul față de garda de onoare ,,,,de ce nu ai dat salutul care se cere,,,,,fete te mata n gură curva dracu",ABUSE
$USER3628,0,Îl sugeți la caras pe Iohannis,ABUSE
$USER2185,0,Câțule să-ți iau nevasta la p.... Ă,ABUSE
$USER3271,1,Fufe pe sticlă marș idioatelor mmarile analiste de 8 ani din 2014 cite crime au facut ukraini ați tăcut ordinarilor huooo,ABUSE
$USER0421,0,Masonii pulii sa va fut în gură gunoaielor,ABUSE
$USER4264,0,"Dute la somn duduie ca esti praf,grasana dreacu",ABUSE
$USER4088,0,Faceți doar circ ... nu este legal ordinarule ce faci ...,ABUSE
$USER3931,0,"Unde a disparut analfabetul jegos Simion? Nu mai e pandemie, s a scumpit carburantii nu mai sint prostii si puturosii cu puturosul asta?",ABUSE
$USER2885,0,Bogdan Stoian prost ești tu cu mă ta,ABUSE
$USER1862,2,"Bucurestiul e un rahat, bucurestenii niste mizerii.",ABUSE
$USER1030,0,SUGI BOCANCII NATO ISTORIA SE VA REPETA DIN NOU ȘI NOI ROMÂNII CA ÎNTOTDEAUNA VOM RĂMÂNE SINGURI CU TOT CU NATO ȘI UE,ABUSE
$USER0309,0,Iohannis javră penală numai suntem un stat eșuat acum?,ABUSE
$USER1907,0,"Oameni buni treziți-vă odată ca acest NAZIST nenorocit ne vrea în război, la pușcărie cu el și cu acest guvern slugarnic Ocultei Mondiale .",ABUSE
$USER4058,0,Slugile sistemului plătiți bine ca să bată poporul....,ABUSE
$USER0272,0,Aia de la Realitatea nici nu mai are aer când prezintă transmisia. Emoționant . Ce slugi penibile.,ABUSE
$USER0871,1,"Zdrențelor, tarfe ordinare, viremilor .",ABUSE
$USER3021,4,Sosoaca mai duten pizda mati,ABUSE
$USER2386,0,Domnule Lazarus. Care este solutia? Concret? Poze sexy cu sotia? Nu merge? Razboiul continua. Deci? Solutia? Sa postam poze in pula goala? O merge. ? Solutii te rugam,ABUSE
$USER4112,1,Nebuno la BALAMUC CU TINE SCLAVA LUI PUTIN,ABUSE
$USER1218,0,Carmen Avram o. ...ista,ABUSE
$USER0454,0,"Un psihopat, care mai doreste sa ne fie si presedinte? never!!",ABUSE
$USER0882,0,Americanii vor cu orice preț să arunce Romania în război!Iar slugile lor principale dobitoken și măciucă trebuiesc judecați!,ABUSE
$USER3818,0,Ce vrea jegul ala ca le vine sfârșitul la toti,ABUSE
$USER0690,0,Vorbește despre România lăsați să-și rupă gâtul doar asta vorbiți că ne-am saturat ducă se dracului de sovietici,ABUSE
$USER3914,0,Sai vedem pe jandarmi și polițiști la razboi in linia intii dacai ține jigodiile dracu,ABUSE
$USER1231,0,sper sa va i-a dracu,ABUSE
$USER0428,0,E cea mai curva din SUA,ABUSE
$USER0649,0,Vaiiii! Ce fac ordinarii ăștia,ABUSE
$USER1641,0,Jigodii de politicieni! Jos mafia politica!,ABUSE
$USER0248,0,Jeguri tradatoare!! Blestemate sa fiti toate televiziunile mancatoare de cacat,ABUSE
$USER3258,0,Du-te mă și te culcă tu ești moderatoare vad căci ești pișată tot pe tine vine putin și te fute,ABUSE
$USER3260,0,Singuru post de radio liber si cu stiri adevarate este europa libera dar securistii lau sugrumat si postul acela,ABUSE
$USER0217,0,"Vine sa Isi ia dreptu,de la slugi.",ABUSE
$USER3635,0,Ce dracu caută leprele alea de jandarmi lîngă voi de ce nu sunt cu voi,ABUSE
$USER0671,0,Sper sa nu fac pușcărie acuma că am vorbit urat la adresa lui dar e un sclav ordinar . Care crede că dacă a citit trei cărți se numește filozof,ABUSE
$USER2782,0,"Plin de useristi poponisti pe idea, comentează complet aiurea, nu I mai băgați în seama, nu pot mai mult...,au o scuza, sunt analfabeți funcțional.",ABUSE
$USER0471,0,"Dl Cheriac, las-o jos că măcăne !!!! Sunteți mulți slugoi !!!!",ABUSE
$USER2695,0,Veghezi pe mata dați arme la romhni finca inculți de 32 ani care ați furat și ati distrus România cred ca voi o sa fiți carne de tun,ABUSE
$USER0084,0,"E AUTIST JIGODIA, ARE ASPERGER, O PLANETA ASCULTA DE UN NEBUN????",ABUSE
$USER3198,0,Sugi pula sarla batrana si idioata ai dat votul pe 1 l de ulei si faci scheme pe aici,ABUSE
$USER2848,0,ȚIPI SI NU FACI NIMIC NEBUNA DREACU,ABUSE
$USER1519,0,"Domnu Luis, americanu e cea mai spurcatâ rasă umană de pe pământ, (jidani) caută numai rîcă.",ABUSE
$USER1688,0,Slugă speriată și proastă această MăăCiucă!,ABUSE
$USER2735,0,Madalina Si Mihai Cristea nu te obosi cu toți avortonii !!!,ABUSE
$USER1779,0,Lumea sta in case bulangii care sant,ABUSE
$USER3710,0,Ce țara va trebe ? Vouă la produs cu voi panarame,ABUSE
$USER1307,3,Dragi guvernanți și miniștri ne vedem în iad,ABUSE
$USER3725,0,Huoooooo IMBOTNITATILOOOR!!! JOS MIZERIA DIN POLIȚIA ROMANA,ABUSE
$USER0421,0,"Sa te fut în gură de javra ,,,de ce nu saluți armata română nenorocito",ABUSE
$USER0589,0,Hai mars nimicule imputit,ABUSE
$USER2575,0,SA YERMINATI YOATE JEGURILE ASTWA DIN PARKAMENT,ABUSE
$USER0483,2,Chireac esti o sluga,ABUSE
$USER2241,1,Lazarus de ce nu spui de naziști din ținutul secuesc,ABUSE
$USER4308,0,Zdrenta Rusiei!!!!,ABUSE
$USER3275,2,"Tradatori de tara, asta sunteti... televiziune de cacat! trambitele Moscovei! Va muma-n cur!",ABUSE
$USER1516,0,"De ce nu zici Domnule Terhes, cate crime se fac din partea Nato?Zi tot adevarul ,Nato este compusa numai de Satanisti la putere,mai bine Putin de zece ori decat Americanii criminali",ABUSE
$USER1724,0,"Iohannis Arafat,Ciuca,etcdu-te-n p,,,da ma-ti",ABUSE
$USER4078,0,"Care presă , e cumpărată de jegoși de multă vreme",ABUSE
$USER3059,0,Muie la totiiii guvernu,ABUSE
$USER2273,2,Cretinule jeg criminal acesta javra de Zlenschi,ABUSE
$USER3263,0,Fă mișto fututi familia în gură cu americani tai care au nenorociți multe state iar acum vor să ne neroceasca și pe noi,ABUSE
$USER0336,0,Huoooooo...gunoaielor,ABUSE
$USER3710,0,Simion sa o ff pe nevastata forța,ABUSE
$USER0512,0,"Numai golani la primirea distinsei doamne, bineinteles slugarnici tradatori",ABUSE
$USER0223,0,A schimbat pe dracu săi ia de țigani,ABUSE
$USER0671,0,Du-te dracu de te culca că puți,ABUSE
$USER0504,3,Zelenski criminal satanist şi.a distrus țara n.o mai dați după deget cu filmulețe regizate de actorul pe tocuri,ABUSE
$USER1301,1,Aplicoaiai pe mata gunoi pesedist..,ABUSE
$USER3265,1,Uitativa la AVRAM CE FATA ARE E MOARTEA CU COASA LA CRATITA CU TINE,ABUSE
$USER0803,0,"Alexandru Florin Stai maica acasa,ca nu e razboiul nostru,ii frngi inima mamei tale,da-i in kkt de satanisti!",ABUSE
$USER2623,0,Sa se ducă dracu astai lege pentru cei cu pensii speciale,ABUSE
$USER3383,0,Huuuuuuu jos cu Satanele .JANDARMERIA APARA HOȚIAAAAA,ABUSE
$USER3822,0,"Jos masca jigodiilor, vă ascundeți moaka mârlanilor.",ABUSE
$USER2711,0,Duceti-va voi toti cu parlamentari si cu mutu de Johannis la razboi huuuuuu jeguri ordinare,ABUSE
$USER0247,0,Vedeț numai comentaț aiure americanu provokă pe puti și beleț p!!!!@@!@!@,ABUSE
$USER0880,0,Ma comunistilor...cat vo platit.,ABUSE
$USER0803,1,"Asa ne trebuie...trebuiau ajutati batranii,copiii amarati din Romania,nu jigodiile care ne-au oprimat comunitatea romana zeci de ani...",ABUSE
$USER2071,0,Mama sa dea domnul sa am o arma la mana vai de voi jigodi in uniforma,ABUSE
$USER3109,0,Criss Antonio Andrei mars jeg incult,ABUSE
$USER1312,0,"război spălare de creier, morții votați de jeguri.",ABUSE
$USER1813,0,Nu mi omorî copilul gunoi de președinte,ABUSE
$USER2066,0,Oculta satanista clar globalistii mint,ABUSE
$USER0623,0,Neamțu-le te fut în gură.MARȘ!,ABUSE
$USER0010,0,"Dle Lazarus, popa Terheș nu mai prezintă încredere! Și-a vândut sufletul, mi-e scârbă de acest imbecil!",ABUSE
$USER2937,0,JOS TRĂDĂTORII JOS SLUGILE ȘI CRIMINALII DE LA PUTERE JOS IOHANNIS CIUCĂ ȘI TOT GUVERNUL PT ÎNALTĂ TRĂDARE ȘI SUBMINAREA ECONOMIEI NAȚIONALE,ABUSE
$USER3636,0,"Circ ,lasati lumea sa se odihneasca mergeti in timpul saptamani sau trebuia sa iesiti cand a venit cioara la Bucuresti praf in ochi ce faceti",ABUSE
$USER3241,3,"Bai toanto Ceausescu si-a iubit si si-a aparat tara, voi niste politruci de kkt ati distrus-o si-ati vandut-o strainilor! Toata scarba!",ABUSE
$USER0894,1,Alt jeg a găsit vinovați la preturi,ABUSE
$USER0660,0,"JOS GUNOAIELE DE LA CONDUCEREA ROMANIEI! DEMISIA, TRADATORILOR!",ABUSE
$USER1943,0,PISA-M-AS PE VOI DE GUNOAIE BOLSEVICE !!!!,ABUSE
$USER0509,0,Toți sunteți niște jigosiii,ABUSE
$USER2000,0,AUR NISTE CURVE ORDINARE,ABUSE
$USER0221,0,Huuuuuuooooo...piei satană !!!,ABUSE
$USER3751,0,Gunoaie penibile,ABUSE
$USER1303,1,Gheorghiță rujatule hai la luptă!!!Unde ești mai Gheorghiță?Gheorghiță nu auzi?Fira I al dracu Gheorghiță!,ABUSE
$USER2802,3,"Marș de-aici, că nu te obligă nimeni sa te uiți, ordinarule!",ABUSE
$USER0220,4,"Bai nene , unde își baga coada dracii de americani, acolo piere tot",ABUSE
$USER3291,0,"Simion, date n pizda matii de jeg",ABUSE
$USER2015,0,Cita opulenta și bogăție pt niște zdrențe din cocioaba Rominiei,ABUSE
$USER0334,0,Doamna americi dă saluturi cu gunoaiele puteri din românia,ABUSE
$USER1648,1,Tot partidul aur sunt gunoaie de oameni care își apără interesele lor,ABUSE
$USER0357,0,Stă și ea cu soldații americanilor noi! Au venit stăpâni să îi dea ordin la sluga lor Klaus Werner iohannis!,ABUSE
$USER0463,0,"Aș vrea să fie cineva să vândă ca sclavi, toți trădătorii și vânzătorii de țară!",ABUSE
$USER3072,0,"Panarama asta Corna ,înainte sau chiar dupa ..ce intrat in ciuma roșie ,nu a zis nimic de 15miliarde ,acum este el patriotul de jeg de om sa ma cac pe tine de capusator",ABUSE
$USER4313,1,Exact așa e dar slugile mafiei globalistilor trădători și hoți noștri își bat joc de noi cai lăsam sa ne facă de ras facă slugile globului .,ABUSE
$USER3678,0,Jos gunoaiele din guvern,ABUSE
$USER3270,0,Rasa voastra anputita cu laboratoarele voastre,ABUSE
$USER2429,4,KAMALA SA SE INTOARCA LA MORTADELA BIDEU. AICI ESTE PAMANT STRABUN NU ARE DREPT SA VINA SA NE SPUNA CE SA FACEM.AFARA CU TOTI MAFIOTII.,ABUSE
$USER2299,0,Da-tile in gura grijanea mamei lor de tradatori,ABUSE
$USER0472,0,Ne mai pune ceva la salariu? Nu ? Atunci dați-vă -n p...^$$÷£,ABUSE
$USER0624,0,Bai cacatule mai du-te in pzd mati Mihai Neamtu,ABUSE
$USER0006,2,Marș mă! Trăiți prezentul și faceți lucrurile să funcționeze de acum înainte! Lua-r-ați FOC!,ABUSE
$USER1224,0,Ducetiva la dracu cu toții du-te tu an armată,ABUSE
$USER1429,0,Îți place să facă experimente medicale Bill Gates Soros Fauci Ursula etc și omoară milioane de oameni libidinosule,ABUSE
$USER1988,0,Slugi obediente,ABUSE
$USER3471,0,Altceva mai stii panaramă,ABUSE
$USER3566,0,Toată tara ieșiți afara acum sau niciodată sa vadă gunoaiele ca poporul e puterea nu hoții care scumpesc tot,ABUSE
$USER1213,0,Nu e nevoie de proiectul asta nazist!!!!,ABUSE
$USER0221,0,"Sper sa vina rusu să vă bage o bomba in cur, atât la borâta aia cât și măscăriciului nostru de la conducere !",ABUSE
$USER3100,0,Georgian Preda marș mă orfanule te-ai găsit să vorbești și tu,ABUSE
$USER3717,0,Să vă dau MUE de jandarmi cu mască!,ABUSE
$USER3291,0,"Simion, mars in mortii matii",ABUSE
$USER1754,0,Etraom ministerului apararii nationale !!!!! Mooie !!!!,ABUSE
$USER0303,0,Și-a drumul în pantaloni dl Iohanis!,ABUSE
$USER3710,0,Cel mai jegos russ Simeon,ABUSE
$USER1618,7,Jos acest guvern infect,ABUSE
$USER1769,0,"Voi sinteti COMUNISTI cu Putin, mi se pare",ABUSE
$USER0874,2,SA VA FIE RUSINE SUNTETI PARTINITORI...UCRAINA VA PIERDE SI ZELENSKI ISI SACRIFICA POPORUL ..AMERICA ESTE UN STAT CRIMINAL SI NOI SUNTEM SCLAVII LOR,ABUSE
$USER3734,0,Un jeg un mafiot aur,ABUSE
$USER0800,1,"Duceți-vă dracu de globaliști criminali! Vine și rândul vostru, satane spurcate!",ABUSE
$USER1749,0,Un slugoci nenorocit,ABUSE
$USER0503,4,Ești și tu o jigodie domnule Chiriac,ABUSE
$USER1595,0,tre da iesim in strada ca gunoaiele ne baga in razboi,ABUSE
$USER2723,0,Si mai vrea hotu de iohanis sa mai meargă români sa lupte pentru ei hoți dracului,ABUSE
$USER1196,0,Duvă dracu de jigodiii,ABUSE
$USER1262,0,Aceste jeguri ale ocultei sunt la mina criminalior ai ocultei indiferent de partide sunt aceasi criminali ce conduc aceasta tara de 30 de ani.,ABUSE
$USER3309,0,"Jandarmii să-și dea botniță jos,sau tot slugile conducătorilor corupți au rămas?!",ABUSE
$USER2041,0,Noi am avut si avem la conducere numai Curve,ABUSE
$USER0707,0,"Silviu Eusebiu Hogas Ce fumezi, saracie?!",ABUSE
$USER1220,0,Italia e condusa de biserica niște sataniști papa,ABUSE
$USER4323,0,Da-ti si tu chilotii jos sa facem cort pentru refugiati,ABUSE
$USER2661,1,"Nu fiți nebuni mă sa ne dați arme că iese o lovitură de stat, mamă mamă. Mai du-vă dracu cu războiul vostru",ABUSE
$USER0627,0,"BAI NEAMȚU MANANCI CACAT AIUREA, VAI DE VIATA TA DE JEG !",ABUSE
$USER3548,0,Jos cu gunoaiele de la putere Bv domnule Simion,ABUSE
$USER0382,0,"Marș, FMM ! Jigodie ce ești ! Duceți toate războaiele pe alte teritorii, niciodată la voi acasă ! Afară din România ! IMPERIALISTILOR !",ABUSE
$USER0409,0,Pupo-n cur sclavule.......,ABUSE
$USER1507,0,Jos sataniști lu americani,ABUSE
$USER0847,0,Na sal ia dracu pe Putin,ABUSE
$USER2892,0,"Frate drag, l'u Maia Sandu , poate sa-i dea Putin si muie !",ABUSE
$USER2767,0,Fa bine dute dracu,ABUSE
$USER1036,0,Ce limbă străină ști fututi muia Demisie gunoiule,ABUSE
$USER1621,1,Ai fumat ceva? Împușcă te,ABUSE
$USER1346,0,"Ueee e duar o adunătură de naziști, Nürnberg a fost o minciuna globală!?!! Criminalii de război au fost iertați pt ca nu ar mai fi existat Bosch, Pfizer, etc",ABUSE
$USER0287,0,Praf și pulbere sa se aleagă de ei,ABUSE
$USER3713,0,Ce vrea ala futui familia in gura de jepat,ABUSE
$USER1301,0,Duce ma f pe mata,ABUSE
$USER0833,1,"Culcat mincinoși dreacu, acum de la pndemie știți și de război?",ABUSE
$USER0987,0,Uuuuuu7uu jegosilor inapților,ABUSE
$USER0010,0,"Roman Din Elena Carmen, Nu va spune nimeni , nimic ! Totul se face pe ascuns, dar nu se știe ce soartă va avea nazistul criminal împreună cu Arafat.",ABUSE
$USER2566,0,Bețivă ești tu cu mă-ta !,ABUSE
$USER0609,0,DUTE DRACULUI ACASA CU CAMERA TA DE HOT!,ABUSE
$USER0339,0,Pupați picioarele slugilor,ABUSE
$USER0457,4,Întâlnirea dracilor ...o dovada în plus ca România sa dus dracu cu totul...Chiriac tu nu mai ai oricum mult de trăit...fosila proastă,ABUSE
$USER0046,0,Mars afara scarba daca nu iti convine de ce te uiti esti spion pe aici,ABUSE
$USER1991,0,"Spun atât, furca, coasa si toporul au salvat Poporul, mars politiei sclavete",ABUSE
$USER0426,0,Domnule tiriac ești un nazist,ABUSE
$USER1204,0,Ionny Pella sluga lui iohanus esti,ABUSE
$USER3598,0,Respec aur jos cu ordinari astea din guvern,ABUSE
$USER0342,0,Rușine niște slugi,ABUSE
$USER2022,0,Am aruncat presa trădătoare la gunoi de peste 10ani...,ABUSE
$USER2862,0,Deștept domnul Coarna...este prea bun pentru jegurile din parlament -ul nostru de kkt,ABUSE
$USER1501,0,Da ce au catat armata romaniasca la STALINGRAD alaturi de fascisti?,ABUSE
$USER0628,0,Ba bulangiilor plecați,ABUSE
$USER3280,0,Deștepților de ce vă bateți voi capul ? Noi suntem vai de steaua noastră...!!! Și voi criticați și vă dați cu părerea de fapt habar nu aveți ce se întâmplă acolo...!!!,ABUSE
$USER3291,0,Mars ma in mortii matii de jeg,ABUSE
$USER0393,0,Vai mama voastră de slugi,ABUSE
$USER1249,0,ATENȚIE LA VECHI SECURIȘTI ACTUAL CONDUCĂTORI VÂNZĂTORI DE ȚARĂ TRADATORI ACUM OFERĂ ȘI OAMENI CA ȘI CARNE DE TUN ATENȚIE LA NEATENȚIE,ABUSE
$USER2842,0,Ia-o in gură..strânge o bine.,ABUSE
$USER0254,0,BĂ GUNOAIELOR SĂ VĂ INTRE BINE ÎN CAP POPORUL ROMAN VREA NEUTRALITATE ÎN CONFLICTUL DIN UKRAINA. ACEST RĂZBOI NU ESTE AL NOSTRU ȘI NU AVEM CE CĂUTA ÎN EL.,ABUSE
$USER0137,0,Terhes esti un las ai tradat mizerie ce faci,ABUSE
$USER0647,0,Critic Băgatai P în mata,ABUSE
$USER0384,3,Satana a venit pe pamant sfint,ABUSE
$USER0827,0,Speriați lumea gunoaielor vindute,ABUSE
$USER0084,0,"EI ASTA VOR, SA PLECAM, BA SA PLECE EI, JIGODIILE",ABUSE
$USER2422,0,"Sunt niște criminali nenorociți, scumpesc benzina și motorina, în fiecare zi! Rușine javrelor penale, încet, încet ne distrug!",ABUSE
$USER0271,0,Interesele pentru România sunt satanice .,ABUSE
$USER2740,4,"Bai căcat, tu ești singurul jeg !",ABUSE
$USER0095,9,America=cuibul dracilor,ABUSE
$USER3426,0,Vai de steaua voastra.,ABUSE
$USER0017,0,"Nici măcar nu știi ce înseamnă share ,doamne ferește cu ce specimene avem de a face vai de steaua ta",ABUSE
$USER0548,0,"Tanti Camala este în doliu, i-a murit la intrare? Mie mi-a plăcut tot bruiajul după televiziuni, se văd super mișto toate măștile.",ABUSE
$USER0592,1,"SARU M8NA D-NA, GUNOIUL TOT GUNOI RÁMÂNE. SANATATE MAXIMA VA DORESC",ABUSE
$USER3255,0,Hsi ducetiva dracu cu stirile voastre,ABUSE
$USER3711,0,Lasă omu în pace gunoiule,ABUSE
$USER1324,0,"Să vină rușii să vă ia dracu vilele și afacerile voastre necurate,, că dracu o să vină să vă apere",ABUSE
$USER1153,0,Sa vă duceți dracu,ABUSE
$USER2066,0,Hotul de Musulman care face trafic de organe sa plece în pizda mami lui.,ABUSE
$USER3419,0,Nazistii de jandarmi,ABUSE
$USER2262,0,Gunoaie ce îți mai place globalisti,ABUSE
$USER0950,0,Au venit trollii USR și PNL!!! NENOROCIȚI ORDINARI CU SUFLETE VÂNDUTE!,ABUSE
$USER2397,0,Jigodii romsnia tv,ABUSE
$USER1587,0,Mata e expirată sau ce vrei sa spui că ești expirat,ABUSE
$USER0400,0,Treceți peste ei dai dracu ca asta-i mafia criminală.,ABUSE
$USER1553,0,Dativa in balamuc da oameni nebuni,ABUSE
$USER2299,0,Da-ti-le bataie grijanea mamei lor de nenorociti tradatori de tara pe 2lei,ABUSE
$USER0498,0,Nah Chireac astăzi e în al nouălea cer ïmpreună cu Gâdea și Radu.Vă dați seama ce gunoaie au ajuns oamenii ăștia?,ABUSE
$USER0504,0,Nu.i războiu nostru satanista vrea să ne bage în război ...huuuoooo,ABUSE
$USER3801,0,Dracului să-l ducă pe Neamț tote corciturile conduc România,ABUSE
$USER3611,0,Jos cu ei firar ei ai dracu da criminali uuuuuuu,ABUSE
$USER3591,0,Sariti pe ei aceste jigodii criminalealo jandarmi criminali lasati lumea in pace in morti vosti de nenorociti analfabeti,ABUSE
$USER4078,0,Jos hoții și jigodiile,ABUSE
$USER2236,0,Bă ții cu oligarhii dute dracu în America jegule,ABUSE
$USER2419,0,Opriți sataniști închideți porțile romîniei,ABUSE
$USER2919,0,Claudiu paraschiv ati place armat dc vb urat mancatear pamantu,ABUSE
$USER0351,0,Mamaaa ce limbi in cur,ABUSE
$USER3731,0,Slujileeee lu Johannes!!!!,ABUSE
$USER0145,0,Dar voi ați uitat că avem și noi Masoni noștri a coborât Satana lui Baidan.mortul viu,ABUSE
$USER3281,0,PiZda zi si de maramures si ardeal,ABUSE
$USER0234,0,Poporul nu are beneficii că a intrat în uniunea europeană slugile uniunii europene da asta este acordul din state,ABUSE
$USER3019,0,Opriti mai gunoaielor ca noi avem rabdare sa i ascultam,ABUSE
$USER0545,0,De ce morți masi a venit javra aia de HARIS ce vrea sa ne mai ceara?,ABUSE
$USER3021,0,"Stefan Alina maaata, sunt gen masculin proasto",ABUSE
$USER1254,0,Mai du te dracu de PSD ist!,ABUSE
$USER3085,0,Alexandru Dragomir și tu sa îmi sugi pula cu familia ta,ABUSE
$USER4049,0,Jegoși de jandarmi,ABUSE
$USER1661,0,NICI NU TREBUIE SA AMINTESTI D3 JEGOSI SI TRADATORI,ABUSE
$USER2380,0,Mai date in pula mea cu dezinformezi lumea,ABUSE
$USER0660,1,"NU VREM STARE DE CRIZA, VREM PACE, GUNOAIELOR DE LA CONDUCEREA ROMANIEI!",ABUSE
$USER0705,0,Un popa corporatist si un slugoi american .....huooo slugoilor americani ipocriti ..opriti iudaizarea europei..,ABUSE
$USER0333,2,Huuooo Satanelor,ABUSE
