afisat studenti,2025-06-04 05:14:14
afisat materii,2025-06-04 05:14:16
adaugat student,2025-06-04 05:14:29
afisat studenti,2025-06-04 05:14:33
actualizat student,2025-06-04 05:14:45
afisat materii,2025-06-04 05:14:47
actualizat student,2025-06-04 05:15:08
afisat studenti,2025-06-04 05:15:13
iesire,2025-06-04 05:15:16
afisat profesori,2025-06-04 14:28:03
adaugat materie,2025-06-04 14:28:30
afisat materii,2025-06-04 14:28:35
afisat profesori,2025-06-04 14:28:41
actualizat profesor,2025-06-04 14:29:18
afisat profesori,2025-06-04 14:29:20
actualizat profesor,2025-06-04 14:29:37
adaugat profesor,2025-06-04 14:29:47
sters profesor,2025-06-04 14:29:53
afisat profesori,2025-06-04 14:29:56
afisat note,2025-06-04 14:30:00
adaugat nota,2025-06-04 14:30:42
afisat studenti,2025-06-04 14:30:46
afisat note,2025-06-04 14:30:58
iesire,2025-06-04 14:31:05
afisat studenti,2025-06-04 15:20:22
adaugat student,2025-06-04 15:20:36
afisat studenti,2025-06-04 15:20:47
